<application>
  <component name="EasyCodeSetting">
    <option name="author" value="Steven" />
    <option name="currGlobalConfigGroupName" value="hirun" />
    <option name="currTemplateGroupName" value="hirun" />
    <option name="currTypeMapperGroupName" value="hirun" />
    <option name="globalConfigGroupMap">
      <map>
        <entry key="Default">
          <value>
            <GlobalConfigGroup>
              <option name="elementList">
                <list>
                  <GlobalConfig>
                    <option name="name" value="init" />
                    <option name="value" value="## 初始化区域&#10;&#10;# 去掉表的..前缀&#10;#if($tableInfo.obj.name.startsWith(&quot;sys_&quot;))&#10;    $!tableInfo.setName($tool.getClassName($tableInfo.obj.name.substring(4)))&#10;#end&#10;&#10;##实现动态排除列&#10;#set($temp = $tool.newHashSet(&quot;testCreateTime&quot;, &quot;otherColumn&quot;))&#10;#foreach($item in $temp)&#10;    #set($newList = $tool.newArrayList())&#10;    #foreach($column in $tableInfo.fullColumn)&#10;        #if($column.name!=$item)&#10;            ##带有反回值的方法调用时使用$tool.call来消除返回值&#10;            $tool.call($newList.add($column))&#10;        #end&#10;    #end&#10;    ##重新保存&#10;    $tableInfo.setFullColumn($newList)&#10;#end&#10;&#10;##对importList进行篡改&#10;#set($temp = $tool.newHashSet())&#10;#foreach($column in $tableInfo.fullColumn)&#10;    #if(!$column.type.startsWith(&quot;java.lang.&quot;))&#10;        ##带有反回值的方法调用时使用$tool.call来消除返回值&#10;        $tool.call($temp.add($column.type))&#10;    #end&#10;#end&#10;##覆盖&#10;#set($importList = $temp)" />
                  </GlobalConfig>
                  <GlobalConfig>
                    <option name="name" value="define" />
                    <option name="value" value="##（Velocity宏定义）&#10;&#10;#if($tableInfo.obj.name.startsWith(&quot;sys_&quot;))&#10;    $!tableInfo.setName($tool.getClassName($tableInfo.obj.name.substring(4)))&#10;#end&#10;&#10;#if($tableInfo.obj.name.startsWith(&quot;ins_&quot;))&#10;    $!tableInfo.setName($tool.getClassName($tableInfo.obj.name.substring(4)))&#10;#end&#10;&#10;##定义设置表名后缀的宏定义，调用方式：#setTableSuffix(&quot;Test&quot;)&#10;#macro(setTableSuffix $suffix)&#10;    #set($tableName = $!tool.append($tableInfo.name, $suffix))&#10;#end&#10;&#10;##定义设置包名后缀的宏定义，调用方式：#setPackageSuffix(&quot;Test&quot;)&#10;#macro(setPackageSuffix $suffix)&#10;#if($suffix!=&quot;&quot;)package #end#if($tableInfo.savePackageName!=&quot;&quot;)$!{tableInfo.savePackageName}.#{end}$!suffix;&#10;#end&#10;&#10;##定义直接保存路径与文件名简化的宏定义，调用方式：#save(&quot;/entity&quot;, &quot;.java&quot;)&#10;#macro(save $path $fileName)&#10;    $!callback.setSavePath($tool.append($tableInfo.savePath, $path))&#10;    $!callback.setFileName($tool.append($tableInfo.name, $fileName))&#10;#end&#10;&#10;#macro(saveService $path $fileName)&#10;    $!callback.setSavePath($tool.append($tableInfo.savePath, $path))&#10;    $!callback.setFileName($tool.append(&quot;I&quot;, $tableInfo.name, $fileName))&#10;#end&#10;&#10;##定义表注释的宏定义，调用方式：#tableComment(&quot;注释信息&quot;)&#10;#macro(tableComment $desc)&#10;/**&#10; * $!{tableInfo.comment}($!{tableInfo.name})$desc&#10; *&#10; * @author $!author&#10; * @version 1.0.0&#10; * @date $!time.currTime()&#10; */&#10;#end&#10;&#10;##定义GET，SET方法的宏定义，调用方式：#getSetMethod($column)&#10;#macro(getSetMethod $column)&#10;&#10;    public $!{tool.getClsNameByFullName($column.type)} get$!{tool.firstUpperCase($column.name)}() {&#10;        return $!{column.name};&#10;    }&#10;&#10;    public void set$!{tool.firstUpperCase($column.name)}($!{tool.getClsNameByFullName($column.type)} $!{column.name}) {&#10;        this.$!{column.name} = $!{column.name};&#10;    }&#10;#end" />
                  </GlobalConfig>
                  <GlobalConfig>
                    <option name="name" value="autoImport" />
                    <option name="value" value="##自动导入包（仅导入实体属性需要的包，通常用于实体类）&#10;#foreach($import in $importList)&#10;import $!import;&#10;#end" />
                  </GlobalConfig>
                  <GlobalConfig>
                    <option name="name" value="mybatisSupport" />
                    <option name="value" value="##针对Mybatis 进行支持，主要用于生成xml文件&#10;#foreach($column in $tableInfo.fullColumn)&#10;    ##储存列类型&#10;    $tool.call($column.ext.put(&quot;sqlType&quot;, $tool.getField($column.obj.dataType, &quot;typeName&quot;)))&#10;    #if($tool.newHashSet(&quot;java.lang.String&quot;).contains($column.type))&#10;        #set($jdbcType=&quot;VARCHAR&quot;)&#10;    #elseif($tool.newHashSet(&quot;java.lang.Boolean&quot;, &quot;boolean&quot;).contains($column.type))&#10;        #set($jdbcType=&quot;BOOLEAN&quot;)&#10;    #elseif($tool.newHashSet(&quot;java.lang.Byte&quot;, &quot;byte&quot;).contains($column.type))&#10;        #set($jdbcType=&quot;BYTE&quot;)&#10;    #elseif($tool.newHashSet(&quot;java.lang.Integer&quot;, &quot;int&quot;, &quot;java.lang.Short&quot;, &quot;short&quot;).contains($column.type))&#10;        #set($jdbcType=&quot;INTEGER&quot;)&#10;    #elseif($tool.newHashSet(&quot;java.lang.Long&quot;, &quot;long&quot;).contains($column.type))&#10;        #set($jdbcType=&quot;INTEGER&quot;)&#10;    #elseif($tool.newHashSet(&quot;java.lang.Float&quot;, &quot;float&quot;, &quot;java.lang.Double&quot;, &quot;double&quot;).contains($column.type))&#10;        #set($jdbcType=&quot;NUMERIC&quot;)&#10;    #elseif($tool.newHashSet(&quot;java.util.Date&quot;, &quot;java.sql.Timestamp&quot;, &quot;java.time.Instant&quot;, &quot;java.time.LocalDateTime&quot;, &quot;java.time.OffsetDateTime&quot;, &quot;&#9;java.time.ZonedDateTime&quot;).contains($column.type))&#10;        #set($jdbcType=&quot;TIMESTAMP&quot;)&#10;    #elseif($tool.newHashSet(&quot;java.sql.Date&quot;, &quot;java.time.LocalDate&quot;).contains($column.type))&#10;        #set($jdbcType=&quot;TIMESTAMP&quot;)&#10;    #else&#10;        ##其他类型&#10;        #set($jdbcType=&quot;OTHER&quot;)&#10;    #end&#10;    $tool.call($column.ext.put(&quot;jdbcType&quot;, $jdbcType))&#10;#end&#10;&#10;##定义宏，查询所有列&#10;#macro(allSqlColumn)#foreach($column in $tableInfo.fullColumn)$column.obj.name#if($velocityHasNext), #end#end#end" />
                  </GlobalConfig>
                </list>
              </option>
              <option name="name" value="Default" />
            </GlobalConfigGroup>
          </value>
        </entry>
        <entry key="hirun">
          <value>
            <GlobalConfigGroup>
              <option name="elementList">
                <list>
                  <GlobalConfig>
                    <option name="name" value="init" />
                    <option name="value" value="## 初始化区域&#10;&#10;##实现动态排除列&#10;#set($temp = $tool.newHashSet(&quot;testCreateTime&quot;, &quot;otherColumn&quot;))&#10;#foreach($item in $temp)&#10;    #set($newList = $tool.newArrayList())&#10;    #foreach($column in $tableInfo.fullColumn)&#10;        #if($column.name!=$item)&#10;            ##带有反回值的方法调用时使用$tool.call来消除返回值&#10;            $tool.call($newList.add($column))&#10;        #end&#10;    #end&#10;    ##重新保存&#10;    $tableInfo.setFullColumn($newList)&#10;#end&#10;&#10;##对importList进行篡改&#10;#set($temp = $tool.newHashSet())&#10;#foreach($column in $tableInfo.fullColumn)&#10;    #if(!$column.type.startsWith(&quot;java.lang.&quot;))&#10;        ##带有反回值的方法调用时使用$tool.call来消除返回值&#10;        $tool.call($temp.add($column.type))&#10;    #end&#10;#end&#10;##覆盖&#10;#set($importList = $temp)" />
                  </GlobalConfig>
                  <GlobalConfig>
                    <option name="name" value="define" />
                    <option name="value" value="##（Velocity宏定义）&#10;&#10;#if($tableInfo.obj.name.startsWith(&quot;sys_&quot;))&#10;    $!tableInfo.setName($tool.getClassName($tableInfo.obj.name.substring(4)))&#10;#end&#10;&#10;#if($tableInfo.obj.name.startsWith(&quot;ins_&quot;))&#10;    $!tableInfo.setName($tool.getClassName($tableInfo.obj.name.substring(4)))&#10;#end&#10;&#10;##定义设置表名后缀的宏定义，调用方式：#setTableSuffix(&quot;Test&quot;)&#10;#macro(setTableSuffix $suffix)&#10;    #set($tableName = $!tool.append($tableInfo.name, $suffix))&#10;#end&#10;&#10;##定义设置包名后缀的宏定义，调用方式：#setPackageSuffix(&quot;Test&quot;)&#10;#macro(setPackageSuffix $suffix)&#10;#if($suffix!=&quot;&quot;)package #end#if($tableInfo.savePackageName!=&quot;&quot;)$!{tableInfo.savePackageName}.#{end}$!suffix;&#10;#end&#10;&#10;##定义直接保存路径与文件名简化的宏定义，调用方式：#save(&quot;/entity&quot;, &quot;.java&quot;)&#10;#macro(save $path $fileName)&#10;    $!callback.setSavePath($tool.append($tableInfo.savePath, $path))&#10;    $!callback.setFileName($tool.append($tableInfo.name, $fileName))&#10;#end&#10;&#10;#macro(saveService $path $fileName)&#10;    $!callback.setSavePath($tool.append($tableInfo.savePath, $path))&#10;    $!callback.setFileName($tool.append(&quot;I&quot;, $tableInfo.name, $fileName))&#10;#end&#10;&#10;##定义表注释的宏定义，调用方式：#tableComment(&quot;注释信息&quot;)&#10;#macro(tableComment $desc)&#10;/**&#10; * $!{tableInfo.comment}($!{tableInfo.name})$desc&#10; *&#10; * @author $!author&#10; * @version 1.0.0&#10; * @date $!time.currTime()&#10; */&#10;#end&#10;&#10;##定义GET，SET方法的宏定义，调用方式：#getSetMethod($column)&#10;#macro(getSetMethod $column)&#10;&#10;    public $!{tool.getClsNameByFullName($column.type)} get$!{tool.firstUpperCase($column.name)}() {&#10;        return $!{column.name};&#10;    }&#10;&#10;    public void set$!{tool.firstUpperCase($column.name)}($!{tool.getClsNameByFullName($column.type)} $!{column.name}) {&#10;        this.$!{column.name} = $!{column.name};&#10;    }&#10;#end" />
                  </GlobalConfig>
                  <GlobalConfig>
                    <option name="name" value="autoImport" />
                    <option name="value" value="##自动导入包（仅导入实体属性需要的包，通常用于实体类）&#10;#foreach($import in $importList)&#10;import $!import;&#10;#end" />
                  </GlobalConfig>
                  <GlobalConfig>
                    <option name="name" value="mybatisSupport" />
                    <option name="value" value="##针对Mybatis 进行支持，主要用于生成xml文件&#10;#foreach($column in $tableInfo.fullColumn)&#10;    ##储存列类型&#10;    $tool.call($column.ext.put(&quot;sqlType&quot;, $tool.getField($column.obj.dataType, &quot;typeName&quot;)))&#10;    #if($tool.newHashSet(&quot;java.lang.String&quot;).contains($column.type))&#10;        #set($jdbcType=&quot;VARCHAR&quot;)&#10;    #elseif($tool.newHashSet(&quot;java.lang.Boolean&quot;, &quot;boolean&quot;).contains($column.type))&#10;        #set($jdbcType=&quot;BOOLEAN&quot;)&#10;    #elseif($tool.newHashSet(&quot;java.lang.Byte&quot;, &quot;byte&quot;).contains($column.type))&#10;        #set($jdbcType=&quot;BYTE&quot;)&#10;    #elseif($tool.newHashSet(&quot;java.lang.Integer&quot;, &quot;int&quot;, &quot;java.lang.Short&quot;, &quot;short&quot;).contains($column.type))&#10;        #set($jdbcType=&quot;INTEGER&quot;)&#10;    #elseif($tool.newHashSet(&quot;java.lang.Long&quot;, &quot;long&quot;).contains($column.type))&#10;        #set($jdbcType=&quot;INTEGER&quot;)&#10;    #elseif($tool.newHashSet(&quot;java.lang.Float&quot;, &quot;float&quot;, &quot;java.lang.Double&quot;, &quot;double&quot;).contains($column.type))&#10;        #set($jdbcType=&quot;NUMERIC&quot;)&#10;    #elseif($tool.newHashSet(&quot;java.util.Date&quot;, &quot;java.sql.Timestamp&quot;, &quot;java.time.Instant&quot;, &quot;java.time.LocalDateTime&quot;, &quot;java.time.OffsetDateTime&quot;, &quot;&#9;java.time.ZonedDateTime&quot;).contains($column.type))&#10;        #set($jdbcType=&quot;TIMESTAMP&quot;)&#10;    #elseif($tool.newHashSet(&quot;java.sql.Date&quot;, &quot;java.time.LocalDate&quot;).contains($column.type))&#10;        #set($jdbcType=&quot;TIMESTAMP&quot;)&#10;    #else&#10;        ##其他类型&#10;        #set($jdbcType=&quot;OTHER&quot;)&#10;    #end&#10;    $tool.call($column.ext.put(&quot;jdbcType&quot;, $jdbcType))&#10;#end&#10;&#10;##定义宏，查询所有列&#10;#macro(allSqlColumn)#foreach($column in $tableInfo.fullColumn)$column.obj.name#if($velocityHasNext), #end#end#end" />
                  </GlobalConfig>
                </list>
              </option>
              <option name="name" value="hirun" />
            </GlobalConfigGroup>
          </value>
        </entry>
      </map>
    </option>
    <option name="templateGroupMap">
      <map>
        <entry key="Default">
          <value>
            <TemplateGroup>
              <option name="elementList">
                <list>
                  <Template>
                    <option name="code" value="##引入宏定义&#10;$!define&#10;&#10;##使用宏定义设置回调（保存位置与文件后缀）&#10;#save(&quot;/entity&quot;, &quot;.java&quot;)&#10;&#10;##使用宏定义设置包后缀&#10;#setPackageSuffix(&quot;entity&quot;)&#10;&#10;##使用全局变量实现默认包导入&#10;$!autoImport&#10;import java.io.Serializable;&#10;&#10;##使用宏定义实现类注释信息&#10;#tableComment(&quot;实体类&quot;)&#10;public class $!{tableInfo.name} implements Serializable {&#10;    private static final long serialVersionUID = $!tool.serial();&#10;#foreach($column in $tableInfo.fullColumn)&#10;    #if(${column.comment})/**&#10;    * ${column.comment}&#10;    */#end&#10;&#10;    private $!{tool.getClsNameByFullName($column.type)} $!{column.name};&#10;#end&#10;&#10;#foreach($column in $tableInfo.fullColumn)&#10;##使用宏定义实现get,set方法&#10;#getSetMethod($column)&#10;#end&#10;&#10;}" />
                    <option name="name" value="entity.java" />
                  </Template>
                  <Template>
                    <option name="code" value="##定义初始变量&#10;#set($tableName = $tool.append($tableInfo.name, &quot;Dao&quot;))&#10;##设置回调&#10;$!callback.setFileName($tool.append($tableName, &quot;.java&quot;))&#10;$!callback.setSavePath($tool.append($tableInfo.savePath, &quot;/dao&quot;))&#10;&#10;##拿到主键&#10;#if(!$tableInfo.pkColumn.isEmpty())&#10;    #set($pk = $tableInfo.pkColumn.get(0))&#10;#end&#10;&#10;#if($tableInfo.savePackageName)package $!{tableInfo.savePackageName}.#{end}dao;&#10;&#10;import $!{tableInfo.savePackageName}.entity.$!{tableInfo.name};&#10;import org.apache.ibatis.annotations.Param;&#10;import java.util.List;&#10;&#10;/**&#10; * $!{tableInfo.comment}($!{tableInfo.name})表数据库访问层&#10; *&#10; * @author $!author&#10; * @since $!time.currTime()&#10; */&#10;public interface $!{tableName} {&#10;&#10;    /**&#10;     * 通过ID查询单条数据&#10;     *&#10;     * @param $!pk.name 主键&#10;     * @return 实例对象&#10;     */&#10;    $!{tableInfo.name} queryById($!pk.shortType $!pk.name);&#10;&#10;    /**&#10;     * 查询指定行数据&#10;     *&#10;     * @param offset 查询起始位置&#10;     * @param limit 查询条数&#10;     * @return 对象列表&#10;     */&#10;    List&lt;$!{tableInfo.name}&gt; queryAllByLimit(@Param(&quot;offset&quot;) int offset, @Param(&quot;limit&quot;) int limit);&#10;&#10;&#10;    /**&#10;     * 通过实体作为筛选条件查询&#10;     *&#10;     * @param $!tool.firstLowerCase($!{tableInfo.name}) 实例对象&#10;     * @return 对象列表&#10;     */&#10;    List&lt;$!{tableInfo.name}&gt; queryAll($!{tableInfo.name} $!tool.firstLowerCase($!{tableInfo.name}));&#10;&#10;    /**&#10;     * 新增数据&#10;     *&#10;     * @param $!tool.firstLowerCase($!{tableInfo.name}) 实例对象&#10;     * @return 影响行数&#10;     */&#10;    int insert($!{tableInfo.name} $!tool.firstLowerCase($!{tableInfo.name}));&#10;&#10;    /**&#10;     * 修改数据&#10;     *&#10;     * @param $!tool.firstLowerCase($!{tableInfo.name}) 实例对象&#10;     * @return 影响行数&#10;     */&#10;    int update($!{tableInfo.name} $!tool.firstLowerCase($!{tableInfo.name}));&#10;&#10;    /**&#10;     * 通过主键删除数据&#10;     *&#10;     * @param $!pk.name 主键&#10;     * @return 影响行数&#10;     */&#10;    int deleteById($!pk.shortType $!pk.name);&#10;&#10;}" />
                    <option name="name" value="dao.java" />
                  </Template>
                  <Template>
                    <option name="code" value="##定义初始变量&#10;#set($tableName = $tool.append($tableInfo.name, &quot;Service&quot;))&#10;##设置回调&#10;$!callback.setFileName($tool.append($tableName, &quot;.java&quot;))&#10;$!callback.setSavePath($tool.append($tableInfo.savePath, &quot;/service&quot;))&#10;&#10;##拿到主键&#10;#if(!$tableInfo.pkColumn.isEmpty())&#10;    #set($pk = $tableInfo.pkColumn.get(0))&#10;#end&#10;&#10;#if($tableInfo.savePackageName)package $!{tableInfo.savePackageName}.#{end}service;&#10;&#10;import $!{tableInfo.savePackageName}.entity.$!{tableInfo.name};&#10;import java.util.List;&#10;&#10;/**&#10; * $!{tableInfo.comment}($!{tableInfo.name})表服务接口&#10; *&#10; * @author $!author&#10; * @since $!time.currTime()&#10; */&#10;public interface $!{tableName} {&#10;&#10;    /**&#10;     * 通过ID查询单条数据&#10;     *&#10;     * @param $!pk.name 主键&#10;     * @return 实例对象&#10;     */&#10;    $!{tableInfo.name} queryById($!pk.shortType $!pk.name);&#10;&#10;    /**&#10;     * 查询多条数据&#10;     *&#10;     * @param offset 查询起始位置&#10;     * @param limit 查询条数&#10;     * @return 对象列表&#10;     */&#10;    List&lt;$!{tableInfo.name}&gt; queryAllByLimit(int offset, int limit);&#10;&#10;    /**&#10;     * 新增数据&#10;     *&#10;     * @param $!tool.firstLowerCase($!{tableInfo.name}) 实例对象&#10;     * @return 实例对象&#10;     */&#10;    $!{tableInfo.name} insert($!{tableInfo.name} $!tool.firstLowerCase($!{tableInfo.name}));&#10;&#10;    /**&#10;     * 修改数据&#10;     *&#10;     * @param $!tool.firstLowerCase($!{tableInfo.name}) 实例对象&#10;     * @return 实例对象&#10;     */&#10;    $!{tableInfo.name} update($!{tableInfo.name} $!tool.firstLowerCase($!{tableInfo.name}));&#10;&#10;    /**&#10;     * 通过主键删除数据&#10;     *&#10;     * @param $!pk.name 主键&#10;     * @return 是否成功&#10;     */&#10;    boolean deleteById($!pk.shortType $!pk.name);&#10;&#10;}" />
                    <option name="name" value="service.java" />
                  </Template>
                  <Template>
                    <option name="code" value="##定义初始变量&#10;#set($tableName = $tool.append($tableInfo.name, &quot;ServiceImpl&quot;))&#10;##设置回调&#10;$!callback.setFileName($tool.append($tableName, &quot;.java&quot;))&#10;$!callback.setSavePath($tool.append($tableInfo.savePath, &quot;/service/impl&quot;))&#10;&#10;##拿到主键&#10;#if(!$tableInfo.pkColumn.isEmpty())&#10;    #set($pk = $tableInfo.pkColumn.get(0))&#10;#end&#10;&#10;#if($tableInfo.savePackageName)package $!{tableInfo.savePackageName}.#{end}service.impl;&#10;&#10;import $!{tableInfo.savePackageName}.entity.$!{tableInfo.name};&#10;import $!{tableInfo.savePackageName}.dao.$!{tableInfo.name}Dao;&#10;import $!{tableInfo.savePackageName}.service.$!{tableInfo.name}Service;&#10;import org.springframework.stereotype.Service;&#10;&#10;import javax.annotation.Resource;&#10;import java.util.List;&#10;&#10;/**&#10; * $!{tableInfo.comment}($!{tableInfo.name})表服务实现类&#10; *&#10; * @author $!author&#10; * @since $!time.currTime()&#10; */&#10;@Service(&quot;$!tool.firstLowerCase($!{tableInfo.name})Service&quot;)&#10;public class $!{tableName} implements $!{tableInfo.name}Service {&#10;    @Resource&#10;    private $!{tableInfo.name}Dao $!tool.firstLowerCase($!{tableInfo.name})Dao;&#10;&#10;    /**&#10;     * 通过ID查询单条数据&#10;     *&#10;     * @param $!pk.name 主键&#10;     * @return 实例对象&#10;     */&#10;    @Override&#10;    public $!{tableInfo.name} queryById($!pk.shortType $!pk.name) {&#10;        return this.$!{tool.firstLowerCase($!{tableInfo.name})}Dao.queryById($!pk.name);&#10;    }&#10;&#10;    /**&#10;     * 查询多条数据&#10;     *&#10;     * @param offset 查询起始位置&#10;     * @param limit 查询条数&#10;     * @return 对象列表&#10;     */&#10;    @Override&#10;    public List&lt;$!{tableInfo.name}&gt; queryAllByLimit(int offset, int limit) {&#10;        return this.$!{tool.firstLowerCase($!{tableInfo.name})}Dao.queryAllByLimit(offset, limit);&#10;    }&#10;&#10;    /**&#10;     * 新增数据&#10;     *&#10;     * @param $!tool.firstLowerCase($!{tableInfo.name}) 实例对象&#10;     * @return 实例对象&#10;     */&#10;    @Override&#10;    public $!{tableInfo.name} insert($!{tableInfo.name} $!tool.firstLowerCase($!{tableInfo.name})) {&#10;        this.$!{tool.firstLowerCase($!{tableInfo.name})}Dao.insert($!tool.firstLowerCase($!{tableInfo.name}));&#10;        return $!tool.firstLowerCase($!{tableInfo.name});&#10;    }&#10;&#10;    /**&#10;     * 修改数据&#10;     *&#10;     * @param $!tool.firstLowerCase($!{tableInfo.name}) 实例对象&#10;     * @return 实例对象&#10;     */&#10;    @Override&#10;    public $!{tableInfo.name} update($!{tableInfo.name} $!tool.firstLowerCase($!{tableInfo.name})) {&#10;        this.$!{tool.firstLowerCase($!{tableInfo.name})}Dao.update($!tool.firstLowerCase($!{tableInfo.name}));&#10;        return this.queryById($!{tool.firstLowerCase($!{tableInfo.name})}.get$!tool.firstUpperCase($pk.name)());&#10;    }&#10;&#10;    /**&#10;     * 通过主键删除数据&#10;     *&#10;     * @param $!pk.name 主键&#10;     * @return 是否成功&#10;     */&#10;    @Override&#10;    public boolean deleteById($!pk.shortType $!pk.name) {&#10;        return this.$!{tool.firstLowerCase($!{tableInfo.name})}Dao.deleteById($!pk.name) &gt; 0;&#10;    }&#10;}" />
                    <option name="name" value="serviceImpl.java" />
                  </Template>
                  <Template>
                    <option name="code" value="##定义初始变量&#10;#set($tableName = $tool.append($tableInfo.name, &quot;Controller&quot;))&#10;##设置回调&#10;$!callback.setFileName($tool.append($tableName, &quot;.java&quot;))&#10;$!callback.setSavePath($tool.append($tableInfo.savePath, &quot;/controller&quot;))&#10;##拿到主键&#10;#if(!$tableInfo.pkColumn.isEmpty())&#10;    #set($pk = $tableInfo.pkColumn.get(0))&#10;#end&#10;&#10;#if($tableInfo.savePackageName)package $!{tableInfo.savePackageName}.#{end}controller;&#10;&#10;import $!{tableInfo.savePackageName}.entity.$!{tableInfo.name};&#10;import $!{tableInfo.savePackageName}.service.$!{tableInfo.name}Service;&#10;import org.springframework.web.bind.annotation.*;&#10;&#10;import javax.annotation.Resource;&#10;&#10;/**&#10; * $!{tableInfo.comment}($!{tableInfo.name})表控制层&#10; *&#10; * @author $!author&#10; * @since $!time.currTime()&#10; */&#10;@RestController&#10;@RequestMapping(&quot;$!tool.firstLowerCase($tableInfo.name)&quot;)&#10;public class $!{tableName} {&#10;    /**&#10;     * 服务对象&#10;     */&#10;    @Resource&#10;    private $!{tableInfo.name}Service $!tool.firstLowerCase($tableInfo.name)Service;&#10;&#10;    /**&#10;     * 通过主键查询单条数据&#10;     *&#10;     * @param id 主键&#10;     * @return 单条数据&#10;     */&#10;    @GetMapping(&quot;selectOne&quot;)&#10;    public $!{tableInfo.name} selectOne($!pk.shortType id) {&#10;        return this.$!{tool.firstLowerCase($tableInfo.name)}Service.queryById(id);&#10;    }&#10;&#10;}" />
                    <option name="name" value="controller.java" />
                  </Template>
                  <Template>
                    <option name="code" value="##引入mybatis支持&#10;$!mybatisSupport&#10;&#10;##设置保存名称与保存位置&#10;$!callback.setFileName($tool.append($!{tableInfo.name}, &quot;Dao.xml&quot;))&#10;$!callback.setSavePath($tool.append($modulePath, &quot;/src/main/resources/mapper&quot;))&#10;&#10;##拿到主键&#10;#if(!$tableInfo.pkColumn.isEmpty())&#10;    #set($pk = $tableInfo.pkColumn.get(0))&#10;#end&#10;&#10;&lt;?xml version=&quot;1.0&quot; encoding=&quot;UTF-8&quot;?&gt;&#10;&lt;!DOCTYPE mapper PUBLIC &quot;-//mybatis.org//DTD Mapper 3.0//EN&quot; &quot;http://mybatis.org/dtd/mybatis-3-mapper.dtd&quot;&gt;&#10;&lt;mapper namespace=&quot;$!{tableInfo.savePackageName}.dao.$!{tableInfo.name}Dao&quot;&gt;&#10;&#10;    &lt;resultMap type=&quot;$!{tableInfo.savePackageName}.entity.$!{tableInfo.name}&quot; id=&quot;$!{tableInfo.name}Map&quot;&gt;&#10;#foreach($column in $tableInfo.fullColumn)&#10;        &lt;result property=&quot;$!column.name&quot; column=&quot;$!column.obj.name&quot; jdbcType=&quot;$!column.ext.jdbcType&quot;/&gt;&#10;#end&#10;    &lt;/resultMap&gt;&#10;&#10;    &lt;!--查询单个--&gt;&#10;    &lt;select id=&quot;queryById&quot; resultMap=&quot;$!{tableInfo.name}Map&quot;&gt;&#10;        select&#10;          #allSqlColumn()&#10;&#10;        from $!{tableInfo.obj.parent.name}.$!tableInfo.obj.name&#10;        where $!pk.obj.name = #{$!pk.name}&#10;    &lt;/select&gt;&#10;&#10;    &lt;!--查询指定行数据--&gt;&#10;    &lt;select id=&quot;queryAllByLimit&quot; resultMap=&quot;$!{tableInfo.name}Map&quot;&gt;&#10;        select&#10;          #allSqlColumn()&#10;&#10;        from $!{tableInfo.obj.parent.name}.$!tableInfo.obj.name&#10;        limit #{offset}, #{limit}&#10;    &lt;/select&gt;&#10;&#10;    &lt;!--通过实体作为筛选条件查询--&gt;&#10;    &lt;select id=&quot;queryAll&quot; resultMap=&quot;$!{tableInfo.name}Map&quot;&gt;&#10;        select&#10;          #allSqlColumn()&#10;&#10;        from $!{tableInfo.obj.parent.name}.$!tableInfo.obj.name&#10;        &lt;where&gt;&#10;#foreach($column in $tableInfo.fullColumn)&#10;            &lt;if test=&quot;$!column.name != null#if($column.type.equals(&quot;java.lang.String&quot;)) and $!column.name != ''#end&quot;&gt;&#10;                and $!column.obj.name = #{$!column.name}&#10;            &lt;/if&gt;&#10;#end&#10;        &lt;/where&gt;&#10;    &lt;/select&gt;&#10;&#10;    &lt;!--新增所有列--&gt;&#10;    &lt;insert id=&quot;insert&quot; keyProperty=&quot;$!pk.name&quot; useGeneratedKeys=&quot;true&quot;&gt;&#10;        insert into $!{tableInfo.obj.parent.name}.$!{tableInfo.obj.name}(#foreach($column in $tableInfo.otherColumn)$!column.obj.name#if($velocityHasNext), #end#end)&#10;        values (#foreach($column in $tableInfo.otherColumn)#{$!{column.name}}#if($velocityHasNext), #end#end)&#10;    &lt;/insert&gt;&#10;&#10;    &lt;!--通过主键修改数据--&gt;&#10;    &lt;update id=&quot;update&quot;&gt;&#10;        update $!{tableInfo.obj.parent.name}.$!{tableInfo.obj.name}&#10;        &lt;set&gt;&#10;#foreach($column in $tableInfo.otherColumn)&#10;            &lt;if test=&quot;$!column.name != null#if($column.type.equals(&quot;java.lang.String&quot;)) and $!column.name != ''#end&quot;&gt;&#10;                $!column.obj.name = #{$!column.name},&#10;            &lt;/if&gt;&#10;#end&#10;        &lt;/set&gt;&#10;        where $!pk.obj.name = #{$!pk.name}&#10;    &lt;/update&gt;&#10;&#10;    &lt;!--通过主键删除--&gt;&#10;    &lt;delete id=&quot;deleteById&quot;&gt;&#10;        delete from $!{tableInfo.obj.parent.name}.$!{tableInfo.obj.name} where $!pk.obj.name = #{$!pk.name}&#10;    &lt;/delete&gt;&#10;&#10;&lt;/mapper&gt;" />
                    <option name="name" value="mapper.xml" />
                  </Template>
                  <Template>
                    <option name="code" value="//调试表原始对象&#10;$!tool.debug($tableInfo.obj)&#10;&#10;//调试列原始对象&#10;$!tool.debug($tableInfo.fullColumn.get(0).obj)&#10;&#10;//调试列原始列类型&#10;$!tool.debug($tableInfo.fullColumn.get(0).obj.dataType)&#10;&#10;//获取原始列类型中的字段&#10;sqlType = $!tool.getField($tableInfo.fullColumn.get(0).obj.dataType, &quot;typeName&quot;)&#10;&#10;//执行原始列类型中的方法&#10;sqlTypeLen = $!tableInfo.fullColumn.get(0).obj.dataType.getLength()&#10;" />
                    <option name="name" value="debug.json" />
                  </Template>
                </list>
              </option>
              <option name="name" value="Default" />
            </TemplateGroup>
          </value>
        </entry>
        <entry key="hirun">
          <value>
            <TemplateGroup>
              <option name="elementList">
                <list>
                  <Template>
                    <option name="code" value="##导入宏定义&#10;$!define&#10;&#10;##保存文件（宏定义）&#10;#save(&quot;/entity.po&quot;, &quot;.java&quot;)&#10;&#10;##包路径（宏定义）&#10;#setPackageSuffix(&quot;entity.po&quot;)&#10;&#10;##自动导入包（全局变量）&#10;$!autoImport&#10;import com.baomidou.mybatisplus.annotation.TableId;&#10;import com.baomidou.mybatisplus.annotation.TableName;&#10;import com.baomidou.mybatisplus.annotation.IdType;&#10;import com.baomidou.mybatisplus.annotation.FieldFill;&#10;import com.microtomato.hirun.framework.data.BaseEntity;&#10;import com.baomidou.mybatisplus.annotation.TableField;&#10;&#10;import lombok.Data;&#10;import lombok.Builder;&#10;import lombok.EqualsAndHashCode;&#10;import lombok.experimental.Accessors;&#10;import lombok.AllArgsConstructor;&#10;import lombok.NoArgsConstructor;&#10;&#10;##表注释（宏定义）&#10;#tableComment(&quot;表实体类&quot;)&#10;@Data&#10;@Builder&#10;@EqualsAndHashCode(callSuper = true)&#10;@Accessors(chain = true)&#10;@NoArgsConstructor&#10;@AllArgsConstructor&#10;@TableName(&quot;$tableInfo.obj.getName().toLowerCase()&quot;)&#10;public class $!{tableInfo.name} extends BaseEntity {&#10;&#10;    private static final long serialVersionUID = 1L;&#10;    &#10;#foreach($column in $tableInfo.pkColumn)&#10;#if(${column.comment})// ${column.comment}#end&#10;    #if($tool.append($tableInfo.obj.getColumnAttrs($tableInfo.pkColumn.get(0).obj)).contains(&quot;AUTO_GENERATED&quot;))&#10;@TableId(value = &quot;$column.obj.getName().toLowerCase()&quot;, type = IdType.AUTO)&#10;    #else&#10;@TableId(value = &quot;$column.obj.getName().toLowerCase()&quot;, type = IdType.INPUT)&#10;    #end&#10;private $!{tool.getClsNameByFullName($column.type)} $!{column.name};&#10;#end&#10;#foreach($column in $tableInfo.otherColumn)&#10;&#10;#if(${column.comment})    /** ${column.comment} */#end&#10;&#10;#if($column.obj.getName().toLowerCase().equals(&quot;create_user_id&quot;))&#10;    @TableField(value = &quot;$column.obj.getName().toLowerCase()&quot;, fill = FieldFill.INSERT)&#10;#elseif($column.obj.getName().toLowerCase().equals(&quot;create_time&quot;))&#10;    @TableField(value = &quot;$column.obj.getName().toLowerCase()&quot;, fill = FieldFill.INSERT)&#10;#elseif($column.obj.getName().toLowerCase().equals(&quot;update_user_id&quot;))&#10;    @TableField(value = &quot;$column.obj.getName().toLowerCase()&quot;, fill = FieldFill.INSERT_UPDATE)&#10;#elseif($column.obj.getName().toLowerCase().equals(&quot;update_time&quot;))&#10;    @TableField(value = &quot;$column.obj.getName().toLowerCase()&quot;, fill = FieldFill.INSERT_UPDATE)&#10;#else&#10;    @TableField(value = &quot;$column.obj.getName().toLowerCase()&quot;)&#10;#end&#10;    private $!{tool.getClsNameByFullName($column.type)} $!{column.name};&#10;#end&#10;&#10;}" />
                    <option name="name" value="entity" />
                  </Template>
                  <Template>
                    <option name="code" value="##导入宏定义&#10;$!define&#10;&#10;##设置表后缀（宏定义）&#10;#setTableSuffix(&quot;Service&quot;)&#10;&#10;##保存文件（宏定义）&#10;#saveService(&quot;/service&quot;, &quot;Service.java&quot;)&#10;&#10;##包路径（宏定义）&#10;#setPackageSuffix(&quot;service&quot;)&#10;&#10;import com.baomidou.mybatisplus.extension.service.IService;&#10;import $!{tableInfo.savePackageName}.entity.po.$!tableInfo.name;&#10;&#10;##表注释（宏定义）&#10;#tableComment(&quot;表服务接口&quot;)&#10;public interface I$!{tableName} extends IService&lt;$!tableInfo.name&gt; {&#10;&#10;}" />
                    <option name="name" value="service" />
                  </Template>
                  <Template>
                    <option name="code" value="##导入宏定义&#10;$!define&#10;&#10;##设置表后缀（宏定义）&#10;#setTableSuffix(&quot;ServiceImpl&quot;)&#10;&#10;##保存文件（宏定义）&#10;#save(&quot;/service/impl&quot;, &quot;ServiceImpl.java&quot;)&#10;&#10;##包路径（宏定义）&#10;#setPackageSuffix(&quot;service.impl&quot;)&#10;&#10;import com.baomidou.mybatisplus.extension.service.impl.ServiceImpl;&#10;import $!{tableInfo.savePackageName}.mapper.$!{tableInfo.name}Mapper;&#10;import $!{tableInfo.savePackageName}.entity.po.$!{tableInfo.name};&#10;import $!{tableInfo.savePackageName}.service.I$!{tableInfo.name}Service;&#10;import org.springframework.stereotype.Service;&#10;import org.springframework.beans.factory.annotation.Autowired;&#10;&#10;##表注释（宏定义）&#10;#tableComment(&quot;表服务实现类&quot;)&#10;@Service(&quot;$!tool.firstLowerCase($tableInfo.name)Service&quot;)&#10;public class $!{tableName} extends ServiceImpl&lt;$!{tableInfo.name}Mapper, $!{tableInfo.name}&gt; implements I$!{tableInfo.name}Service {&#10;&#10;    @Autowired&#10;    private $!{tableInfo.name}Mapper $!tool.firstLowerCase($tableInfo.name)Mapper;&#10;    &#10;&#10;}" />
                    <option name="name" value="serviceImpl" />
                  </Template>
                  <Template>
                    <option name="code" value="##导入宏定义&#10;$!define&#10;&#10;##设置表后缀（宏定义）&#10;#setTableSuffix(&quot;Controller&quot;)&#10;&#10;##保存文件（宏定义）&#10;#save(&quot;/controller&quot;, &quot;Controller.java&quot;)&#10;&#10;##包路径（宏定义）&#10;#setPackageSuffix(&quot;controller&quot;)&#10;&#10;##定义服务名&#10;#set($serviceName = $!tool.append($!tool.firstLowerCase($!tableInfo.name), &quot;Service&quot;))&#10;&#10;##定义实体对象名&#10;#set($entityName = $!tool.firstLowerCase($!tableInfo.name))&#10;&#10;import com.baomidou.mybatisplus.core.metadata.IPage;&#10;import com.baomidou.mybatisplus.core.conditions.query.QueryWrapper;&#10;import com.baomidou.mybatisplus.extension.plugins.pagination.Page;&#10;import org.springframework.web.bind.annotation.*;&#10;import org.springframework.beans.factory.annotation.Autowired;&#10;&#10;import $!{tableInfo.savePackageName}.entity.po.$!tableInfo.name;&#10;import $!{tableInfo.savePackageName}.service.I$!{tableInfo.name}Service;&#10;import com.microtomato.hirun.framework.annotation.RestResult;&#10;&#10;import java.io.Serializable;&#10;import java.util.List;&#10;&#10;##表注释（宏定义）&#10;#tableComment(&quot;表控制层&quot;)&#10;@RestController&#10;@RequestMapping(&quot;/api/$!tableInfo.getName()&quot;)&#10;public class $!{tableName} {&#10;&#10;    /**&#10;     * 服务对象&#10;     */&#10;    @Autowired&#10;    private I$!{tableInfo.name}Service $!{serviceName};&#10;&#10;    /**&#10;     * 分页查询所有数据&#10;     *&#10;     * @param page 分页对象&#10;     * @param $!entityName 查询实体&#10;     * @return 所有数据&#10;     */&#10;    @GetMapping(&quot;selectByPage&quot;)&#10;    @RestResult&#10;    public IPage&lt;$!tableInfo.name&gt; selectByPage(Page&lt;$!tableInfo.name&gt; page, $!tableInfo.name $!entityName) {&#10;        return this.$!{serviceName}.page(page, new QueryWrapper&lt;&gt;($!entityName));&#10;    }&#10;&#10;    /**&#10;     * 通过主键查询单条数据&#10;     *&#10;     * @param id 主键&#10;     * @return 单条数据&#10;     */&#10;    @GetMapping(&quot;selectById/{id}&quot;)&#10;    @RestResult&#10;    public $!tableInfo.name selectById(@PathVariable Serializable id) {&#10;        return this.$!{serviceName}.getById(id);&#10;    }&#10;&#10;    /**&#10;     * 新增数据&#10;     *&#10;     * @param $!entityName 实体对象&#10;     * @return 新增结果&#10;     */&#10;    @PostMapping(&quot;insert&quot;)&#10;    public boolean insert(@RequestBody $!tableInfo.name $!entityName) {&#10;        return this.$!{serviceName}.save($!entityName);&#10;    }&#10;&#10;    /**&#10;     * 修改数据&#10;     *&#10;     * @param $!entityName 实体对象&#10;     * @return 修改结果&#10;     */&#10;    @PostMapping(&quot;update&quot;)&#10;    public boolean update(@RequestBody $!tableInfo.name $!entityName) {&#10;        return this.$!{serviceName}.updateById($!entityName);&#10;    }&#10;&#10;    /**&#10;     * 删除数据&#10;     *&#10;     * @param idList 主键集合&#10;     * @return 删除结果&#10;     */&#10;    @GetMapping(&quot;deleteByIds&quot;)&#10;    public boolean deleteByIds(@RequestParam(&quot;idList&quot;) List&lt;Long&gt; idList) {&#10;        return this.$!{serviceName}.removeByIds(idList);&#10;    }&#10;}" />
                    <option name="name" value="controller" />
                  </Template>
                  <Template>
                    <option name="code" value="##导入宏定义&#10;$!define&#10;&#10;##设置表后缀（宏定义）&#10;#setTableSuffix(&quot;Mapper&quot;)&#10;&#10;##保存文件（宏定义）&#10;#save(&quot;/mapper&quot;, &quot;Mapper.java&quot;)&#10;&#10;##包路径（宏定义）&#10;#setPackageSuffix(&quot;mapper&quot;)&#10;&#10;import com.microtomato.hirun.framework.annotation.Storage;&#10;import com.microtomato.hirun.framework.mybatis.DataSourceKey;&#10;import com.microtomato.hirun.framework.mybatis.annotation.DataSource;&#10;import com.baomidou.mybatisplus.core.mapper.BaseMapper;&#10;import $!{tableInfo.savePackageName}.entity.po.$!tableInfo.name;&#10;&#10;##表注释（宏定义）&#10;#tableComment(&quot;表数据库访问层&quot;)&#10;@Storage&#10;@DataSource(DataSourceKey.$tableInfo.obj.getName().substring(0, 3).toUpperCase())&#10;public interface $!{tableName} extends BaseMapper&lt;$!tableInfo.name&gt; {&#10;&#10;}" />
                    <option name="name" value="mapper" />
                  </Template>
                </list>
              </option>
              <option name="name" value="hirun" />
            </TemplateGroup>
          </value>
        </entry>
      </map>
    </option>
    <option name="typeMapperGroupMap">
      <map>
        <entry key="Default">
          <value>
            <TypeMapperGroup>
              <option name="elementList">
                <list>
                  <TypeMapper>
                    <option name="columnType" value="varchar(\(\d+\))?" />
                    <option name="javaType" value="java.lang.String" />
                  </TypeMapper>
                  <TypeMapper>
                    <option name="columnType" value="char(\(\d+\))?" />
                    <option name="javaType" value="java.lang.String" />
                  </TypeMapper>
                  <TypeMapper>
                    <option name="columnType" value="text" />
                    <option name="javaType" value="java.lang.String" />
                  </TypeMapper>
                  <TypeMapper>
                    <option name="columnType" value="decimal(\(\d+\))?" />
                    <option name="javaType" value="java.lang.Double" />
                  </TypeMapper>
                  <TypeMapper>
                    <option name="columnType" value="decimal(\(\d+,\d+\))?" />
                    <option name="javaType" value="java.lang.Double" />
                  </TypeMapper>
                  <TypeMapper>
                    <option name="columnType" value="integer" />
                    <option name="javaType" value="java.lang.Integer" />
                  </TypeMapper>
                  <TypeMapper>
                    <option name="columnType" value="int(\(\d+\))?" />
                    <option name="javaType" value="java.lang.Integer" />
                  </TypeMapper>
                  <TypeMapper>
                    <option name="columnType" value="int4" />
                    <option name="javaType" value="java.lang.Integer" />
                  </TypeMapper>
                  <TypeMapper>
                    <option name="columnType" value="int8" />
                    <option name="javaType" value="java.lang.Long" />
                  </TypeMapper>
                  <TypeMapper>
                    <option name="columnType" value="bigint(20) unsigned" />
                    <option name="javaType" value="java.lang.Long" />
                  </TypeMapper>
                  <TypeMapper>
                    <option name="columnType" value="datetime" />
                    <option name="javaType" value="java.time.LocalDateTime" />
                  </TypeMapper>
                  <TypeMapper>
                    <option name="columnType" value="timestamp" />
                    <option name="javaType" value="java.util.Date" />
                  </TypeMapper>
                  <TypeMapper>
                    <option name="columnType" value="boolean" />
                    <option name="javaType" value="java.lang.Boolean" />
                  </TypeMapper>
                  <TypeMapper>
                    <option name="columnType" value="tinyint(1)" />
                    <option name="javaType" value="java.lang.Boolean" />
                  </TypeMapper>
                  <TypeMapper>
                    <option name="columnType" value="int(\(\d+\))?&#9;" />
                    <option name="javaType" value="java.lang.Integer" />
                  </TypeMapper>
                  <TypeMapper>
                    <option name="columnType" value="bigint(20)" />
                    <option name="javaType" value="java.lang.Long" />
                  </TypeMapper>
                </list>
              </option>
              <option name="name" value="Default" />
            </TypeMapperGroup>
          </value>
        </entry>
        <entry key="hirun">
          <value>
            <TypeMapperGroup>
              <option name="elementList">
                <list>
                  <TypeMapper>
                    <option name="columnType" value="varchar(\(\d+\))?" />
                    <option name="javaType" value="java.lang.String" />
                  </TypeMapper>
                  <TypeMapper>
                    <option name="columnType" value="char(\(\d+\))?" />
                    <option name="javaType" value="java.lang.String" />
                  </TypeMapper>
                  <TypeMapper>
                    <option name="columnType" value="text" />
                    <option name="javaType" value="java.lang.String" />
                  </TypeMapper>
                  <TypeMapper>
                    <option name="columnType" value="decimal(\(\d+\))?" />
                    <option name="javaType" value="java.lang.Double" />
                  </TypeMapper>
                  <TypeMapper>
                    <option name="columnType" value="decimal(\(\d+,\d+\))?" />
                    <option name="javaType" value="java.lang.Double" />
                  </TypeMapper>
                  <TypeMapper>
                    <option name="columnType" value="integer" />
                    <option name="javaType" value="java.lang.Integer" />
                  </TypeMapper>
                  <TypeMapper>
                    <option name="columnType" value="datetime" />
                    <option name="javaType" value="java.time.LocalDateTime" />
                  </TypeMapper>
                  <TypeMapper>
                    <option name="columnType" value="timestamp" />
                    <option name="javaType" value="java.util.Date" />
                  </TypeMapper>
                  <TypeMapper>
                    <option name="columnType" value="boolean" />
                    <option name="javaType" value="java.lang.Boolean" />
                  </TypeMapper>
                  <TypeMapper>
                    <option name="columnType" value="tinyint(1)" />
                    <option name="javaType" value="java.lang.Boolean" />
                  </TypeMapper>
                  <TypeMapper>
                    <option name="columnType" value="int(\(\d+\))?" />
                    <option name="javaType" value="java.lang.Integer" />
                  </TypeMapper>
                  <TypeMapper>
                    <option name="columnType" value="bigint(\(\d+\))?\ unsigned" />
                    <option name="javaType" value="java.lang.Long" />
                  </TypeMapper>
                  <TypeMapper>
                    <option name="columnType" value="bigint(\(\d+\))?" />
                    <option name="javaType" value="java.lang.Long" />
                  </TypeMapper>
                  <TypeMapper>
                    <option name="columnType" value="int(\(\d+\))?\ unsigned" />
                    <option name="javaType" value="java.lang.Integer" />
                  </TypeMapper>
                </list>
              </option>
              <option name="name" value="hirun" />
            </TypeMapperGroup>
          </value>
        </entry>
      </map>
    </option>
  </component>
</application>